{
    "kanban_priority_weights": {
        "Critical": 5.0,
        "High": 3.0,
        "Normal": 1.0,
        "Low": 0.5
    },
    "project_types": [
        "PCB",
        "Firmware",
        "Mechanical",
        "Other",
        "Software"
    ],
    "category_restrictions": {},
    "checklist_templates": {
        "Standard": {
            "Schematic: Electrical Rules Check (ERC)": [],
            "Schematic: Netlist Verification": [],
            "Schematic: Bill of Materials (BOM) Review": [],
            "Layout: Design Rules Check (DRC)": [],
            "Layout: Footprint Verification": [],
            "Layout: Component Placement Review": [],
            "Layout: Critical Routing / Impedance": [],
            "Layout: Silkscreen & Polarity Check": [],
            "Layout: 3D Model Fit Check": [],
            "Fabrication: Gerber Generation & Review": [],
            "Fabrication: Drill Files Generated": [],
            "Assembly: Pick & Place File Generated": []
        }
    },
    "kanban_categories": {
        "Layout": "#005500",
        "Schematic": "#95a5a6",
        "Software": "#b9ffe0"
    },
    "checklist_template_meta": {
        "Standard": {
            "version": "1.1",
            "updated": "2026-01-30 18:11:59"
        }
    },
    "kanban_templates": {
        "Standard": [
            {"name": "Create Schematic"},
            {"name": "Assign Footprints"},
            {"name": "Run ERC"},
            {"name": "Generate Netlist"},
            {"name": "Outline PCB"},
            {"name": "Place Components"},
            {"name": "Route Tracks"},
            {"name": "Run DRC"},
            {"name": "Generate Gerbers"},
            {"name": "Order Parts"}
        ]
    }
    ,
    "project_statuses": [
        "Pre-Design",
        "Schematic Capture",
        "PCB Layout",
        "Prototyping",
        "Validation",
        "Released",
        "Abandoned"
    ],
    "project_filter_presets": []
}
