{"__meta__": {"format_version": 1, "footprint_path": "C:/KiCad/9.0/footprints", "generated_at": "2026-02-12T07:56:57.628399", "entry_count": 55, "cache_hash": "c24820f854b8a2d0c718c0966dbecbe3e51f5295"}, "libraries": {"PL Test Point": "C:\\KiCad\\9.0\\footprints\\PL Test Point.pretty", "PL Analog Switch": "C:\\KiCad\\9.0\\footprints\\PL Analog Switch\\PL Analog Switch.pretty", "PL Capacitor Electrolytic": "C:\\KiCad\\9.0\\footprints\\PL Capacitor Electrolytic\\PL Capacitor Electrolytic.pretty", "PL Capacitor MLCC": "C:\\KiCad\\9.0\\footprints\\PL Capacitor MLCC\\PL Capacitor MLCC.pretty", "PL Capacitor Polymer": "C:\\KiCad\\9.0\\footprints\\PL Capacitor Polymer\\PL Capacitor Polymer.pretty", "PL Connector Audio": "C:\\KiCad\\9.0\\footprints\\PL Connector Audio\\PL Connector Audio.pretty", "PL Connector Barrel": "C:\\KiCad\\9.0\\footprints\\PL Connector Barrel\\PL Connector Barrel.pretty", "PL Connector Header": "C:\\KiCad\\9.0\\footprints\\PL Connector Header\\PL Connector Header.pretty", "PL Connector Power": "C:\\KiCad\\9.0\\footprints\\PL Connector Power\\PL Connector Power.pretty", "PL Connector RF": "C:\\KiCad\\9.0\\footprints\\PL Connector RF\\PL Connector RF.pretty", "PL Connector Terminal": "C:\\KiCad\\9.0\\footprints\\PL Connector Terminal\\PL Connector Terminal.pretty", "PL Connector USB": "C:\\KiCad\\9.0\\footprints\\PL Connector USB\\PL Connector USB.pretty", "PL Digital Flash": "C:\\KiCad\\9.0\\footprints\\PL Digital Flash\\PL Digital Flash.pretty", "PL Diode LED": "C:\\KiCad\\9.0\\footprints\\PL Diode LED\\PL Diode LED.pretty", "PL Diode Schottky": "C:\\KiCad\\9.0\\footprints\\PL Diode Schottky\\PL Diode Schottky.pretty", "PL Diode Silicon": "C:\\KiCad\\9.0\\footprints\\PL Diode Silicon\\PL Diode Silicon.pretty", "PL Diode TVS": "C:\\KiCad\\9.0\\footprints\\PL Diode TVS\\PL Diode TVS.pretty", "PL Diode Zener": "C:\\KiCad\\9.0\\footprints\\PL Diode Zener\\PL Diode Zener.pretty", "PL Display": "C:\\KiCad\\9.0\\footprints\\PL Display\\PL Display.pretty", "PL Electromechanical Button": "C:\\KiCad\\9.0\\footprints\\PL Electromechanical Button\\PL Electromechanical Button.pretty", "PL Electromechanical Navigation Switches": "C:\\KiCad\\9.0\\footprints\\PL Electromechanical Navigation Switches\\PL Electromechanical Navigation Switches.pretty", "PL IC ADC": "C:\\KiCad\\9.0\\footprints\\PL IC ADC\\PL IC ADC.pretty", "PL IC Comparator": "C:\\KiCad\\9.0\\footprints\\PL IC Comparator\\PL IC Comparator.pretty", "PL IC Current Amplifier": "C:\\KiCad\\9.0\\footprints\\PL IC Current Amplifier\\PL IC Current Amplifier.pretty", "PL IC DAC": "C:\\KiCad\\9.0\\footprints\\PL IC DAC\\PL IC DAC.pretty", "PL IC Digital": "C:\\KiCad\\9.0\\footprints\\PL IC Digital\\PL IC Digital.pretty", "PL IC Gate Driver": "C:\\KiCad\\9.0\\footprints\\PL IC Gate Driver\\PL IC Gate Driver.pretty", "PL IC Instrumentation Amplifier": "C:\\KiCad\\9.0\\footprints\\PL IC Instrumentation Amplifier\\PL IC Instrumentation Amplifier.pretty", "PL IC Isolator": "C:\\KiCad\\9.0\\footprints\\PL IC Isolator\\PL IC Isolator.pretty", "PL IC Opamp": "C:\\KiCad\\9.0\\footprints\\PL IC Opamp\\PL IC Opamp.pretty", "PL IC Power": "C:\\KiCad\\9.0\\footprints\\PL IC Power\\PL IC Power.pretty", "PL IC Power Management": "C:\\KiCad\\9.0\\footprints\\PL IC Power Management\\PL IC Power Management.pretty", "PL IC Regulator Linear": "C:\\KiCad\\9.0\\footprints\\PL IC Regulator Linear\\PL IC Regulator Linear.pretty", "PL IC uC": "C:\\KiCad\\9.0\\footprints\\PL IC uC\\PL IC uC.pretty", "PL IC USB Interface": "C:\\KiCad\\9.0\\footprints\\PL IC USB Interface\\PL IC USB Interface.pretty", "PL Magnetics Choke": "C:\\KiCad\\9.0\\footprints\\PL Magnetics Choke\\PL Magnetics Choke.pretty", "PL Magnetics Ferrite": "C:\\KiCad\\9.0\\footprints\\PL Magnetics Ferrite\\PL Magnetics Ferrite.pretty", "PL Magnetics Inductor Power": "C:\\KiCad\\9.0\\footprints\\PL Magnetics Inductor Power\\PL Magnetics Inductor Power.pretty", "PL Magnetics Inductor Signal": "C:\\KiCad\\9.0\\footprints\\PL Magnetics Inductor Signal\\PL Magnetics Inductor Signal.pretty", "PL Magnetics Transformer Signal": "C:\\KiCad\\9.0\\footprints\\PL Magnetics Transfomer Signal\\PL Magnetics Transformer Signal.pretty", "PL Mechanical Mounting Hole": "C:\\KiCad\\9.0\\footprints\\PL Mechanical Mounting Hole\\PL Mechanical Mounting Hole.pretty", "PL Mechanical Spacer": "C:\\KiCad\\9.0\\footprints\\PL Mechanical Spacer\\PL Mechanical Spacer.pretty", "PL Net Tie": "C:\\KiCad\\9.0\\footprints\\PL Net Tie\\PL Net Tie.pretty", "PL Optocoupler": "C:\\KiCad\\9.0\\footprints\\PL Optocoupler\\PL Optocoupler.pretty", "PL Oscillator Crystal": "C:\\KiCad\\9.0\\footprints\\PL Oscillator Crystal\\PL Oscillator Crystal.pretty", "PL Power Module": "C:\\KiCad\\9.0\\footprints\\PL Power Module\\PL Power Module.pretty", "PL Resistor SMD": "C:\\KiCad\\9.0\\footprints\\PL Resistor SMD\\PL Resistor SMD.pretty", "PL Resistor Thermistor": "C:\\KiCad\\9.0\\footprints\\PL Resistor Thermistor\\PL Resistor Thermistor.pretty", "PL Resistor Variable": "C:\\KiCad\\9.0\\footprints\\PL Resistor Variable\\PL Resistor Variable.pretty", "PL Thermal Heatsink": "C:\\KiCad\\9.0\\footprints\\PL Thermal Heatsink\\PL Thermal Heatsink.pretty", "PL Transducer Acoustic": "C:\\KiCad\\9.0\\footprints\\PL Transducer Acoustic\\PL Transducer Acoustic.pretty", "PL Transistor BJT": "C:\\KiCad\\9.0\\footprints\\PL Transistor BJT\\PL Transistor BJT.pretty", "PL Transistor FET": "C:\\KiCad\\9.0\\footprints\\PL Transistor FET\\PL Transistor FET.pretty", "PL Transistor GaN": "C:\\KiCad\\9.0\\footprints\\PL Transistor GaN\\PL Transistor GaN.pretty", "PL Wire Pad": "C:\\KiCad\\9.0\\footprints\\PL Wire Pad\\PL Wire Pad.pretty"}}